{
    "results": {
        "0": "not-sarcasm",
        "1": "not-sarcasm",
        "2": "not-sarcasm",
        "3": "multi-sarcasm",
        "4": "not-sarcasm",
        "5": "not-sarcasm",
        "6": "not-sarcasm",
        "7": "not-sarcasm",
        "8": "not-sarcasm",
        "9": "not-sarcasm",
        "10": "multi-sarcasm",
        "11": "not-sarcasm",
        "12": "multi-sarcasm",
        "13": "not-sarcasm",
        "14": "multi-sarcasm",
        "15": "not-sarcasm",
        "16": "not-sarcasm",
        "17": "not-sarcasm",
        "18": "not-sarcasm",
        "19": "not-sarcasm",
        "20": "not-sarcasm",
        "21": "multi-sarcasm",
        "22": "not-sarcasm",
        "23": "not-sarcasm",
        "24": "multi-sarcasm",
        "25": "not-sarcasm",
        "26": "not-sarcasm",
        "27": "not-sarcasm",
        "28": "not-sarcasm",
        "29": "not-sarcasm",
        "30": "not-sarcasm",
        "31": "not-sarcasm",
        "32": "not-sarcasm",
        "33": "not-sarcasm",
        "34": "multi-sarcasm",
        "35": "not-sarcasm",
        "36": "multi-sarcasm",
        "37": "multi-sarcasm",
        "38": "not-sarcasm",
        "39": "not-sarcasm",
        "40": "multi-sarcasm",
        "41": "not-sarcasm",
        "42": "not-sarcasm",
        "43": "not-sarcasm",
        "44": "not-sarcasm",
        "45": "not-sarcasm",
        "46": "multi-sarcasm",
        "47": "not-sarcasm",
        "48": "multi-sarcasm",
        "49": "not-sarcasm",
        "50": "multi-sarcasm",
        "51": "multi-sarcasm",
        "52": "multi-sarcasm",
        "53": "not-sarcasm",
        "54": "not-sarcasm",
        "55": "not-sarcasm",
        "56": "not-sarcasm",
        "57": "not-sarcasm",
        "58": "not-sarcasm",
        "59": "not-sarcasm",
        "60": "not-sarcasm",
        "61": "not-sarcasm",
        "62": "multi-sarcasm",
        "63": "not-sarcasm",
        "64": "multi-sarcasm",
        "65": "multi-sarcasm",
        "66": "multi-sarcasm",
        "67": "multi-sarcasm",
        "68": "multi-sarcasm",
        "69": "multi-sarcasm",
        "70": "multi-sarcasm",
        "71": "multi-sarcasm",
        "72": "multi-sarcasm",
        "73": "not-sarcasm",
        "74": "not-sarcasm",
        "75": "not-sarcasm",
        "76": "not-sarcasm",
        "77": "not-sarcasm",
        "78": "not-sarcasm",
        "79": "not-sarcasm",
        "80": "not-sarcasm",
        "81": "not-sarcasm",
        "82": "not-sarcasm",
        "83": "not-sarcasm",
        "84": "not-sarcasm",
        "85": "not-sarcasm",
        "86": "not-sarcasm",
        "87": "multi-sarcasm",
        "88": "multi-sarcasm",
        "89": "not-sarcasm",
        "90": "multi-sarcasm",
        "91": "multi-sarcasm",
        "92": "not-sarcasm",
        "93": "multi-sarcasm",
        "94": "multi-sarcasm",
        "95": "multi-sarcasm",
        "96": "not-sarcasm",
        "97": "multi-sarcasm",
        "98": "multi-sarcasm",
        "99": "multi-sarcasm",
        "100": "not-sarcasm",
        "101": "not-sarcasm",
        "102": "not-sarcasm",
        "103": "not-sarcasm",
        "104": "not-sarcasm",
        "105": "not-sarcasm",
        "106": "not-sarcasm",
        "107": "multi-sarcasm",
        "108": "multi-sarcasm",
        "109": "multi-sarcasm",
        "110": "not-sarcasm",
        "111": "not-sarcasm",
        "112": "multi-sarcasm",
        "113": "not-sarcasm",
        "114": "multi-sarcasm",
        "115": "not-sarcasm",
        "116": "multi-sarcasm",
        "117": "multi-sarcasm",
        "118": "multi-sarcasm",
        "119": "not-sarcasm",
        "120": "not-sarcasm",
        "121": "not-sarcasm",
        "122": "not-sarcasm",
        "123": "not-sarcasm",
        "124": "not-sarcasm",
        "125": "not-sarcasm",
        "126": "not-sarcasm",
        "127": "not-sarcasm",
        "128": "not-sarcasm",
        "129": "not-sarcasm",
        "130": "not-sarcasm",
        "131": "not-sarcasm",
        "132": "not-sarcasm",
        "133": "not-sarcasm",
        "134": "not-sarcasm",
        "135": "not-sarcasm",
        "136": "not-sarcasm",
        "137": "not-sarcasm",
        "138": "multi-sarcasm",
        "139": "not-sarcasm",
        "140": "not-sarcasm",
        "141": "not-sarcasm",
        "142": "not-sarcasm",
        "143": "not-sarcasm",
        "144": "not-sarcasm",
        "145": "multi-sarcasm",
        "146": "not-sarcasm",
        "147": "not-sarcasm",
        "148": "not-sarcasm",
        "149": "not-sarcasm",
        "150": "not-sarcasm",
        "151": "multi-sarcasm",
        "152": "multi-sarcasm",
        "153": "not-sarcasm",
        "154": "not-sarcasm",
        "155": "multi-sarcasm",
        "156": "multi-sarcasm",
        "157": "not-sarcasm",
        "158": "not-sarcasm",
        "159": "not-sarcasm",
        "160": "multi-sarcasm",
        "161": "multi-sarcasm",
        "162": "not-sarcasm",
        "163": "multi-sarcasm",
        "164": "not-sarcasm",
        "165": "multi-sarcasm",
        "166": "multi-sarcasm",
        "167": "multi-sarcasm",
        "168": "multi-sarcasm",
        "169": "not-sarcasm",
        "170": "multi-sarcasm",
        "171": "not-sarcasm",
        "172": "multi-sarcasm",
        "173": "multi-sarcasm",
        "174": "not-sarcasm",
        "175": "not-sarcasm",
        "176": "not-sarcasm",
        "177": "not-sarcasm",
        "178": "not-sarcasm",
        "179": "multi-sarcasm",
        "180": "multi-sarcasm",
        "181": "multi-sarcasm",
        "182": "multi-sarcasm",
        "183": "not-sarcasm",
        "184": "not-sarcasm",
        "185": "multi-sarcasm",
        "186": "multi-sarcasm",
        "187": "not-sarcasm",
        "188": "not-sarcasm",
        "189": "not-sarcasm",
        "190": "not-sarcasm",
        "191": "not-sarcasm",
        "192": "not-sarcasm",
        "193": "multi-sarcasm",
        "194": "multi-sarcasm",
        "195": "multi-sarcasm",
        "196": "not-sarcasm",
        "197": "multi-sarcasm",
        "198": "not-sarcasm",
        "199": "not-sarcasm",
        "200": "not-sarcasm",
        "201": "not-sarcasm",
        "202": "not-sarcasm",
        "203": "not-sarcasm",
        "204": "multi-sarcasm",
        "205": "not-sarcasm",
        "206": "not-sarcasm",
        "207": "not-sarcasm",
        "208": "not-sarcasm",
        "209": "not-sarcasm",
        "210": "not-sarcasm",
        "211": "not-sarcasm",
        "212": "multi-sarcasm",
        "213": "not-sarcasm",
        "214": "not-sarcasm",
        "215": "multi-sarcasm",
        "216": "not-sarcasm",
        "217": "not-sarcasm",
        "218": "not-sarcasm",
        "219": "not-sarcasm",
        "220": "not-sarcasm",
        "221": "not-sarcasm",
        "222": "not-sarcasm",
        "223": "multi-sarcasm",
        "224": "not-sarcasm",
        "225": "not-sarcasm",
        "226": "multi-sarcasm",
        "227": "multi-sarcasm",
        "228": "not-sarcasm",
        "229": "not-sarcasm",
        "230": "multi-sarcasm",
        "231": "multi-sarcasm",
        "232": "not-sarcasm",
        "233": "multi-sarcasm",
        "234": "not-sarcasm",
        "235": "not-sarcasm",
        "236": "not-sarcasm",
        "237": "not-sarcasm",
        "238": "not-sarcasm",
        "239": "not-sarcasm",
        "240": "not-sarcasm",
        "241": "not-sarcasm",
        "242": "not-sarcasm",
        "243": "not-sarcasm",
        "244": "not-sarcasm",
        "245": "not-sarcasm",
        "246": "not-sarcasm",
        "247": "not-sarcasm",
        "248": "multi-sarcasm",
        "249": "not-sarcasm",
        "250": "not-sarcasm",
        "251": "not-sarcasm",
        "252": "not-sarcasm",
        "253": "multi-sarcasm",
        "254": "not-sarcasm",
        "255": "not-sarcasm",
        "256": "not-sarcasm",
        "257": "not-sarcasm",
        "258": "not-sarcasm",
        "259": "not-sarcasm",
        "260": "not-sarcasm",
        "261": "multi-sarcasm",
        "262": "multi-sarcasm",
        "263": "multi-sarcasm",
        "264": "not-sarcasm",
        "265": "not-sarcasm",
        "266": "multi-sarcasm",
        "267": "not-sarcasm",
        "268": "multi-sarcasm",
        "269": "multi-sarcasm",
        "270": "not-sarcasm",
        "271": "multi-sarcasm",
        "272": "multi-sarcasm",
        "273": "multi-sarcasm",
        "274": "multi-sarcasm",
        "275": "multi-sarcasm",
        "276": "not-sarcasm",
        "277": "multi-sarcasm",
        "278": "multi-sarcasm",
        "279": "multi-sarcasm",
        "280": "multi-sarcasm",
        "281": "multi-sarcasm",
        "282": "not-sarcasm",
        "283": "not-sarcasm",
        "284": "not-sarcasm",
        "285": "not-sarcasm",
        "286": "multi-sarcasm",
        "287": "not-sarcasm",
        "288": "multi-sarcasm",
        "289": "not-sarcasm",
        "290": "multi-sarcasm",
        "291": "multi-sarcasm",
        "292": "multi-sarcasm",
        "293": "not-sarcasm",
        "294": "not-sarcasm",
        "295": "not-sarcasm",
        "296": "multi-sarcasm",
        "297": "multi-sarcasm",
        "298": "not-sarcasm",
        "299": "multi-sarcasm",
        "300": "not-sarcasm",
        "301": "not-sarcasm",
        "302": "not-sarcasm",
        "303": "not-sarcasm",
        "304": "not-sarcasm",
        "305": "not-sarcasm",
        "306": "not-sarcasm",
        "307": "multi-sarcasm",
        "308": "multi-sarcasm",
        "309": "multi-sarcasm",
        "310": "multi-sarcasm",
        "311": "multi-sarcasm",
        "312": "multi-sarcasm",
        "313": "not-sarcasm",
        "314": "multi-sarcasm",
        "315": "multi-sarcasm",
        "316": "not-sarcasm",
        "317": "not-sarcasm",
        "318": "not-sarcasm",
        "319": "not-sarcasm",
        "320": "multi-sarcasm",
        "321": "not-sarcasm",
        "322": "multi-sarcasm",
        "323": "multi-sarcasm",
        "324": "not-sarcasm",
        "325": "not-sarcasm",
        "326": "not-sarcasm",
        "327": "multi-sarcasm",
        "328": "not-sarcasm",
        "329": "not-sarcasm",
        "330": "not-sarcasm",
        "331": "not-sarcasm",
        "332": "not-sarcasm",
        "333": "not-sarcasm",
        "334": "multi-sarcasm",
        "335": "not-sarcasm",
        "336": "not-sarcasm",
        "337": "not-sarcasm",
        "338": "multi-sarcasm",
        "339": "multi-sarcasm",
        "340": "not-sarcasm",
        "341": "not-sarcasm",
        "342": "multi-sarcasm",
        "343": "multi-sarcasm",
        "344": "not-sarcasm",
        "345": "not-sarcasm",
        "346": "not-sarcasm",
        "347": "not-sarcasm",
        "348": "not-sarcasm",
        "349": "not-sarcasm",
        "350": "not-sarcasm",
        "351": "not-sarcasm",
        "352": "not-sarcasm",
        "353": "not-sarcasm",
        "354": "not-sarcasm",
        "355": "not-sarcasm",
        "356": "multi-sarcasm",
        "357": "not-sarcasm",
        "358": "not-sarcasm",
        "359": "not-sarcasm",
        "360": "not-sarcasm",
        "361": "not-sarcasm",
        "362": "not-sarcasm",
        "363": "multi-sarcasm",
        "364": "not-sarcasm",
        "365": "not-sarcasm",
        "366": "not-sarcasm",
        "367": "not-sarcasm",
        "368": "not-sarcasm",
        "369": "not-sarcasm",
        "370": "not-sarcasm",
        "371": "not-sarcasm",
        "372": "not-sarcasm",
        "373": "not-sarcasm",
        "374": "not-sarcasm",
        "375": "not-sarcasm",
        "376": "not-sarcasm",
        "377": "not-sarcasm",
        "378": "not-sarcasm",
        "379": "multi-sarcasm",
        "380": "not-sarcasm",
        "381": "multi-sarcasm",
        "382": "not-sarcasm",
        "383": "not-sarcasm",
        "384": "not-sarcasm",
        "385": "not-sarcasm",
        "386": "not-sarcasm",
        "387": "not-sarcasm",
        "388": "not-sarcasm",
        "389": "not-sarcasm",
        "390": "not-sarcasm",
        "391": "not-sarcasm",
        "392": "multi-sarcasm",
        "393": "not-sarcasm",
        "394": "not-sarcasm",
        "395": "not-sarcasm",
        "396": "not-sarcasm",
        "397": "not-sarcasm",
        "398": "not-sarcasm",
        "399": "not-sarcasm",
        "400": "not-sarcasm",
        "401": "not-sarcasm",
        "402": "not-sarcasm",
        "403": "not-sarcasm",
        "404": "not-sarcasm",
        "405": "not-sarcasm",
        "406": "not-sarcasm",
        "407": "multi-sarcasm",
        "408": "multi-sarcasm",
        "409": "not-sarcasm",
        "410": "not-sarcasm",
        "411": "multi-sarcasm",
        "412": "multi-sarcasm",
        "413": "not-sarcasm",
        "414": "multi-sarcasm",
        "415": "multi-sarcasm",
        "416": "multi-sarcasm",
        "417": "not-sarcasm",
        "418": "not-sarcasm",
        "419": "not-sarcasm",
        "420": "multi-sarcasm",
        "421": "not-sarcasm",
        "422": "not-sarcasm",
        "423": "not-sarcasm",
        "424": "not-sarcasm",
        "425": "not-sarcasm",
        "426": "not-sarcasm",
        "427": "not-sarcasm",
        "428": "multi-sarcasm",
        "429": "not-sarcasm",
        "430": "multi-sarcasm",
        "431": "multi-sarcasm",
        "432": "not-sarcasm",
        "433": "multi-sarcasm",
        "434": "multi-sarcasm",
        "435": "not-sarcasm",
        "436": "multi-sarcasm",
        "437": "not-sarcasm",
        "438": "not-sarcasm",
        "439": "not-sarcasm",
        "440": "multi-sarcasm",
        "441": "multi-sarcasm",
        "442": "not-sarcasm",
        "443": "not-sarcasm",
        "444": "not-sarcasm",
        "445": "not-sarcasm",
        "446": "multi-sarcasm",
        "447": "not-sarcasm",
        "448": "multi-sarcasm",
        "449": "multi-sarcasm",
        "450": "not-sarcasm",
        "451": "not-sarcasm",
        "452": "not-sarcasm",
        "453": "not-sarcasm",
        "454": "multi-sarcasm",
        "455": "not-sarcasm",
        "456": "multi-sarcasm",
        "457": "not-sarcasm",
        "458": "multi-sarcasm",
        "459": "not-sarcasm",
        "460": "not-sarcasm",
        "461": "not-sarcasm",
        "462": "not-sarcasm",
        "463": "not-sarcasm",
        "464": "not-sarcasm",
        "465": "not-sarcasm",
        "466": "not-sarcasm",
        "467": "not-sarcasm",
        "468": "not-sarcasm",
        "469": "multi-sarcasm",
        "470": "not-sarcasm",
        "471": "multi-sarcasm",
        "472": "not-sarcasm",
        "473": "multi-sarcasm",
        "474": "multi-sarcasm",
        "475": "not-sarcasm",
        "476": "not-sarcasm",
        "477": "not-sarcasm",
        "478": "not-sarcasm",
        "479": "not-sarcasm",
        "480": "not-sarcasm",
        "481": "not-sarcasm",
        "482": "not-sarcasm",
        "483": "multi-sarcasm",
        "484": "not-sarcasm",
        "485": "multi-sarcasm",
        "486": "multi-sarcasm",
        "487": "multi-sarcasm",
        "488": "not-sarcasm",
        "489": "not-sarcasm",
        "490": "not-sarcasm",
        "491": "not-sarcasm",
        "492": "multi-sarcasm",
        "493": "multi-sarcasm",
        "494": "multi-sarcasm",
        "495": "multi-sarcasm",
        "496": "not-sarcasm",
        "497": "multi-sarcasm",
        "498": "not-sarcasm",
        "499": "not-sarcasm",
        "500": "not-sarcasm",
        "501": "not-sarcasm",
        "502": "not-sarcasm",
        "503": "multi-sarcasm",
        "504": "multi-sarcasm",
        "505": "not-sarcasm",
        "506": "multi-sarcasm",
        "507": "not-sarcasm",
        "508": "multi-sarcasm",
        "509": "not-sarcasm",
        "510": "multi-sarcasm",
        "511": "not-sarcasm",
        "512": "not-sarcasm",
        "513": "not-sarcasm",
        "514": "not-sarcasm",
        "515": "not-sarcasm",
        "516": "multi-sarcasm",
        "517": "not-sarcasm",
        "518": "not-sarcasm",
        "519": "not-sarcasm",
        "520": "multi-sarcasm",
        "521": "multi-sarcasm",
        "522": "multi-sarcasm",
        "523": "not-sarcasm",
        "524": "not-sarcasm",
        "525": "multi-sarcasm",
        "526": "multi-sarcasm",
        "527": "not-sarcasm",
        "528": "not-sarcasm",
        "529": "multi-sarcasm",
        "530": "not-sarcasm",
        "531": "not-sarcasm",
        "532": "multi-sarcasm",
        "533": "multi-sarcasm",
        "534": "not-sarcasm",
        "535": "multi-sarcasm",
        "536": "multi-sarcasm",
        "537": "multi-sarcasm",
        "538": "not-sarcasm",
        "539": "not-sarcasm",
        "540": "multi-sarcasm",
        "541": "multi-sarcasm",
        "542": "multi-sarcasm",
        "543": "not-sarcasm",
        "544": "multi-sarcasm",
        "545": "multi-sarcasm",
        "546": "not-sarcasm",
        "547": "multi-sarcasm",
        "548": "multi-sarcasm",
        "549": "multi-sarcasm",
        "550": "multi-sarcasm",
        "551": "multi-sarcasm",
        "552": "not-sarcasm",
        "553": "multi-sarcasm",
        "554": "multi-sarcasm",
        "555": "multi-sarcasm",
        "556": "multi-sarcasm",
        "557": "not-sarcasm",
        "558": "not-sarcasm",
        "559": "multi-sarcasm",
        "560": "multi-sarcasm",
        "561": "multi-sarcasm",
        "562": "not-sarcasm",
        "563": "not-sarcasm",
        "564": "multi-sarcasm",
        "565": "multi-sarcasm",
        "566": "multi-sarcasm",
        "567": "multi-sarcasm",
        "568": "multi-sarcasm",
        "569": "multi-sarcasm",
        "570": "not-sarcasm",
        "571": "multi-sarcasm",
        "572": "multi-sarcasm",
        "573": "multi-sarcasm",
        "574": "multi-sarcasm",
        "575": "multi-sarcasm",
        "576": "multi-sarcasm",
        "577": "multi-sarcasm",
        "578": "multi-sarcasm",
        "579": "multi-sarcasm",
        "580": "multi-sarcasm",
        "581": "multi-sarcasm",
        "582": "multi-sarcasm",
        "583": "multi-sarcasm",
        "584": "multi-sarcasm",
        "585": "not-sarcasm",
        "586": "not-sarcasm",
        "587": "multi-sarcasm",
        "588": "multi-sarcasm",
        "589": "multi-sarcasm",
        "590": "multi-sarcasm",
        "591": "multi-sarcasm",
        "592": "not-sarcasm",
        "593": "not-sarcasm",
        "594": "multi-sarcasm",
        "595": "not-sarcasm",
        "596": "not-sarcasm",
        "597": "multi-sarcasm",
        "598": "multi-sarcasm",
        "599": "not-sarcasm",
        "600": "multi-sarcasm",
        "601": "not-sarcasm",
        "602": "not-sarcasm",
        "603": "not-sarcasm",
        "604": "not-sarcasm",
        "605": "multi-sarcasm",
        "606": "multi-sarcasm",
        "607": "not-sarcasm",
        "608": "not-sarcasm",
        "609": "multi-sarcasm",
        "610": "multi-sarcasm",
        "611": "multi-sarcasm",
        "612": "multi-sarcasm",
        "613": "not-sarcasm",
        "614": "multi-sarcasm",
        "615": "not-sarcasm",
        "616": "multi-sarcasm",
        "617": "not-sarcasm",
        "618": "multi-sarcasm",
        "619": "multi-sarcasm",
        "620": "multi-sarcasm",
        "621": "multi-sarcasm",
        "622": "multi-sarcasm",
        "623": "multi-sarcasm",
        "624": "multi-sarcasm",
        "625": "not-sarcasm",
        "626": "multi-sarcasm",
        "627": "multi-sarcasm",
        "628": "multi-sarcasm",
        "629": "not-sarcasm",
        "630": "multi-sarcasm",
        "631": "not-sarcasm",
        "632": "multi-sarcasm",
        "633": "not-sarcasm",
        "634": "multi-sarcasm",
        "635": "multi-sarcasm",
        "636": "multi-sarcasm",
        "637": "not-sarcasm",
        "638": "multi-sarcasm",
        "639": "not-sarcasm",
        "640": "multi-sarcasm",
        "641": "multi-sarcasm",
        "642": "multi-sarcasm",
        "643": "multi-sarcasm",
        "644": "multi-sarcasm",
        "645": "not-sarcasm",
        "646": "not-sarcasm",
        "647": "not-sarcasm",
        "648": "not-sarcasm",
        "649": "not-sarcasm",
        "650": "multi-sarcasm",
        "651": "not-sarcasm",
        "652": "multi-sarcasm",
        "653": "multi-sarcasm",
        "654": "not-sarcasm",
        "655": "not-sarcasm",
        "656": "multi-sarcasm",
        "657": "not-sarcasm",
        "658": "not-sarcasm",
        "659": "multi-sarcasm",
        "660": "not-sarcasm",
        "661": "multi-sarcasm",
        "662": "multi-sarcasm",
        "663": "multi-sarcasm",
        "664": "not-sarcasm",
        "665": "not-sarcasm",
        "666": "not-sarcasm",
        "667": "multi-sarcasm",
        "668": "multi-sarcasm",
        "669": "not-sarcasm",
        "670": "multi-sarcasm",
        "671": "not-sarcasm",
        "672": "not-sarcasm",
        "673": "multi-sarcasm",
        "674": "not-sarcasm",
        "675": "not-sarcasm",
        "676": "multi-sarcasm",
        "677": "not-sarcasm",
        "678": "multi-sarcasm",
        "679": "multi-sarcasm",
        "680": "multi-sarcasm",
        "681": "not-sarcasm",
        "682": "not-sarcasm",
        "683": "multi-sarcasm",
        "684": "multi-sarcasm",
        "685": "not-sarcasm",
        "686": "not-sarcasm",
        "687": "not-sarcasm",
        "688": "not-sarcasm",
        "689": "not-sarcasm",
        "690": "not-sarcasm",
        "691": "multi-sarcasm",
        "692": "not-sarcasm",
        "693": "multi-sarcasm",
        "694": "not-sarcasm",
        "695": "not-sarcasm",
        "696": "multi-sarcasm",
        "697": "not-sarcasm",
        "698": "multi-sarcasm",
        "699": "not-sarcasm",
        "700": "not-sarcasm",
        "701": "not-sarcasm",
        "702": "not-sarcasm",
        "703": "multi-sarcasm",
        "704": "multi-sarcasm",
        "705": "not-sarcasm",
        "706": "multi-sarcasm",
        "707": "not-sarcasm",
        "708": "not-sarcasm",
        "709": "multi-sarcasm",
        "710": "multi-sarcasm",
        "711": "multi-sarcasm",
        "712": "not-sarcasm",
        "713": "not-sarcasm",
        "714": "not-sarcasm",
        "715": "multi-sarcasm",
        "716": "not-sarcasm",
        "717": "multi-sarcasm",
        "718": "multi-sarcasm",
        "719": "not-sarcasm",
        "720": "not-sarcasm",
        "721": "not-sarcasm",
        "722": "not-sarcasm",
        "723": "multi-sarcasm",
        "724": "not-sarcasm",
        "725": "not-sarcasm",
        "726": "multi-sarcasm",
        "727": "multi-sarcasm",
        "728": "multi-sarcasm",
        "729": "not-sarcasm",
        "730": "multi-sarcasm",
        "731": "not-sarcasm",
        "732": "not-sarcasm",
        "733": "multi-sarcasm",
        "734": "multi-sarcasm",
        "735": "multi-sarcasm",
        "736": "multi-sarcasm",
        "737": "multi-sarcasm",
        "738": "not-sarcasm",
        "739": "multi-sarcasm",
        "740": "not-sarcasm",
        "741": "multi-sarcasm",
        "742": "not-sarcasm",
        "743": "not-sarcasm",
        "744": "multi-sarcasm",
        "745": "not-sarcasm",
        "746": "not-sarcasm",
        "747": "multi-sarcasm",
        "748": "not-sarcasm",
        "749": "not-sarcasm",
        "750": "not-sarcasm",
        "751": "multi-sarcasm",
        "752": "not-sarcasm",
        "753": "multi-sarcasm",
        "754": "multi-sarcasm",
        "755": "not-sarcasm",
        "756": "not-sarcasm",
        "757": "multi-sarcasm",
        "758": "multi-sarcasm",
        "759": "multi-sarcasm",
        "760": "not-sarcasm",
        "761": "not-sarcasm",
        "762": "not-sarcasm",
        "763": "not-sarcasm",
        "764": "not-sarcasm",
        "765": "multi-sarcasm",
        "766": "not-sarcasm",
        "767": "not-sarcasm",
        "768": "multi-sarcasm",
        "769": "multi-sarcasm",
        "770": "multi-sarcasm",
        "771": "multi-sarcasm",
        "772": "not-sarcasm",
        "773": "not-sarcasm",
        "774": "multi-sarcasm",
        "775": "multi-sarcasm",
        "776": "multi-sarcasm",
        "777": "not-sarcasm",
        "778": "multi-sarcasm",
        "779": "not-sarcasm",
        "780": "multi-sarcasm",
        "781": "not-sarcasm",
        "782": "multi-sarcasm",
        "783": "not-sarcasm",
        "784": "not-sarcasm",
        "785": "not-sarcasm",
        "786": "not-sarcasm",
        "787": "multi-sarcasm",
        "788": "multi-sarcasm",
        "789": "not-sarcasm",
        "790": "not-sarcasm",
        "791": "not-sarcasm",
        "792": "multi-sarcasm",
        "793": "not-sarcasm",
        "794": "multi-sarcasm",
        "795": "not-sarcasm",
        "796": "multi-sarcasm",
        "797": "multi-sarcasm",
        "798": "multi-sarcasm",
        "799": "multi-sarcasm",
        "800": "not-sarcasm",
        "801": "multi-sarcasm",
        "802": "multi-sarcasm",
        "803": "not-sarcasm",
        "804": "not-sarcasm",
        "805": "multi-sarcasm",
        "806": "multi-sarcasm",
        "807": "not-sarcasm",
        "808": "multi-sarcasm",
        "809": "not-sarcasm",
        "810": "not-sarcasm",
        "811": "multi-sarcasm",
        "812": "not-sarcasm",
        "813": "not-sarcasm",
        "814": "multi-sarcasm",
        "815": "multi-sarcasm",
        "816": "multi-sarcasm",
        "817": "multi-sarcasm",
        "818": "multi-sarcasm",
        "819": "not-sarcasm",
        "820": "not-sarcasm",
        "821": "multi-sarcasm",
        "822": "multi-sarcasm",
        "823": "not-sarcasm",
        "824": "not-sarcasm",
        "825": "not-sarcasm",
        "826": "not-sarcasm",
        "827": "not-sarcasm",
        "828": "multi-sarcasm",
        "829": "multi-sarcasm",
        "830": "multi-sarcasm",
        "831": "not-sarcasm",
        "832": "multi-sarcasm",
        "833": "not-sarcasm",
        "834": "multi-sarcasm",
        "835": "multi-sarcasm",
        "836": "multi-sarcasm",
        "837": "multi-sarcasm",
        "838": "not-sarcasm",
        "839": "not-sarcasm",
        "840": "not-sarcasm",
        "841": "not-sarcasm",
        "842": "not-sarcasm",
        "843": "multi-sarcasm",
        "844": "not-sarcasm",
        "845": "multi-sarcasm",
        "846": "not-sarcasm",
        "847": "not-sarcasm",
        "848": "multi-sarcasm",
        "849": "not-sarcasm",
        "850": "not-sarcasm",
        "851": "not-sarcasm",
        "852": "not-sarcasm",
        "853": "not-sarcasm",
        "854": "multi-sarcasm",
        "855": "multi-sarcasm",
        "856": "not-sarcasm",
        "857": "multi-sarcasm",
        "858": "multi-sarcasm",
        "859": "multi-sarcasm",
        "860": "not-sarcasm",
        "861": "not-sarcasm",
        "862": "multi-sarcasm",
        "863": "multi-sarcasm",
        "864": "not-sarcasm",
        "865": "multi-sarcasm",
        "866": "multi-sarcasm",
        "867": "not-sarcasm",
        "868": "not-sarcasm",
        "869": "not-sarcasm",
        "870": "multi-sarcasm",
        "871": "not-sarcasm",
        "872": "not-sarcasm",
        "873": "not-sarcasm",
        "874": "multi-sarcasm",
        "875": "multi-sarcasm",
        "876": "not-sarcasm",
        "877": "multi-sarcasm",
        "878": "not-sarcasm",
        "879": "not-sarcasm",
        "880": "not-sarcasm",
        "881": "not-sarcasm",
        "882": "multi-sarcasm",
        "883": "not-sarcasm",
        "884": "multi-sarcasm",
        "885": "not-sarcasm",
        "886": "multi-sarcasm",
        "887": "multi-sarcasm",
        "888": "not-sarcasm",
        "889": "multi-sarcasm",
        "890": "multi-sarcasm",
        "891": "multi-sarcasm",
        "892": "not-sarcasm",
        "893": "multi-sarcasm",
        "894": "multi-sarcasm",
        "895": "multi-sarcasm",
        "896": "not-sarcasm",
        "897": "not-sarcasm",
        "898": "not-sarcasm",
        "899": "multi-sarcasm",
        "900": "multi-sarcasm",
        "901": "not-sarcasm",
        "902": "multi-sarcasm",
        "903": "not-sarcasm",
        "904": "not-sarcasm",
        "905": "not-sarcasm",
        "906": "not-sarcasm",
        "907": "multi-sarcasm",
        "908": "multi-sarcasm",
        "909": "not-sarcasm",
        "910": "not-sarcasm",
        "911": "not-sarcasm",
        "912": "multi-sarcasm",
        "913": "multi-sarcasm",
        "914": "multi-sarcasm",
        "915": "not-sarcasm",
        "916": "not-sarcasm",
        "917": "not-sarcasm",
        "918": "not-sarcasm",
        "919": "multi-sarcasm",
        "920": "multi-sarcasm",
        "921": "multi-sarcasm",
        "922": "multi-sarcasm",
        "923": "multi-sarcasm",
        "924": "not-sarcasm",
        "925": "not-sarcasm",
        "926": "multi-sarcasm",
        "927": "not-sarcasm",
        "928": "not-sarcasm",
        "929": "multi-sarcasm",
        "930": "not-sarcasm",
        "931": "not-sarcasm",
        "932": "not-sarcasm",
        "933": "multi-sarcasm",
        "934": "multi-sarcasm",
        "935": "multi-sarcasm",
        "936": "multi-sarcasm",
        "937": "multi-sarcasm",
        "938": "multi-sarcasm",
        "939": "not-sarcasm",
        "940": "multi-sarcasm",
        "941": "multi-sarcasm",
        "942": "not-sarcasm",
        "943": "not-sarcasm",
        "944": "multi-sarcasm",
        "945": "multi-sarcasm",
        "946": "multi-sarcasm",
        "947": "multi-sarcasm",
        "948": "multi-sarcasm",
        "949": "multi-sarcasm",
        "950": "multi-sarcasm",
        "951": "multi-sarcasm",
        "952": "not-sarcasm",
        "953": "not-sarcasm",
        "954": "multi-sarcasm",
        "955": "multi-sarcasm",
        "956": "not-sarcasm",
        "957": "not-sarcasm",
        "958": "multi-sarcasm",
        "959": "not-sarcasm",
        "960": "not-sarcasm",
        "961": "not-sarcasm",
        "962": "not-sarcasm",
        "963": "not-sarcasm",
        "964": "multi-sarcasm",
        "965": "multi-sarcasm",
        "966": "not-sarcasm",
        "967": "multi-sarcasm",
        "968": "multi-sarcasm",
        "969": "not-sarcasm",
        "970": "not-sarcasm",
        "971": "multi-sarcasm",
        "972": "multi-sarcasm",
        "973": "not-sarcasm",
        "974": "multi-sarcasm",
        "975": "not-sarcasm",
        "976": "multi-sarcasm",
        "977": "multi-sarcasm",
        "978": "not-sarcasm",
        "979": "not-sarcasm",
        "980": "multi-sarcasm",
        "981": "multi-sarcasm",
        "982": "not-sarcasm",
        "983": "multi-sarcasm",
        "984": "multi-sarcasm",
        "985": "multi-sarcasm",
        "986": "multi-sarcasm",
        "987": "multi-sarcasm",
        "988": "not-sarcasm",
        "989": "multi-sarcasm",
        "990": "multi-sarcasm",
        "991": "not-sarcasm",
        "992": "multi-sarcasm",
        "993": "multi-sarcasm",
        "994": "not-sarcasm",
        "995": "multi-sarcasm",
        "996": "not-sarcasm",
        "997": "multi-sarcasm",
        "998": "multi-sarcasm",
        "999": "not-sarcasm",
        "1000": "not-sarcasm",
        "1001": "multi-sarcasm",
        "1002": "multi-sarcasm",
        "1003": "multi-sarcasm",
        "1004": "not-sarcasm",
        "1005": "multi-sarcasm",
        "1006": "multi-sarcasm",
        "1007": "not-sarcasm",
        "1008": "not-sarcasm",
        "1009": "not-sarcasm",
        "1010": "multi-sarcasm",
        "1011": "multi-sarcasm",
        "1012": "not-sarcasm",
        "1013": "not-sarcasm",
        "1014": "multi-sarcasm",
        "1015": "multi-sarcasm",
        "1016": "multi-sarcasm",
        "1017": "not-sarcasm",
        "1018": "multi-sarcasm",
        "1019": "not-sarcasm",
        "1020": "multi-sarcasm",
        "1021": "multi-sarcasm",
        "1022": "multi-sarcasm",
        "1023": "not-sarcasm",
        "1024": "multi-sarcasm",
        "1025": "multi-sarcasm",
        "1026": "multi-sarcasm",
        "1027": "not-sarcasm",
        "1028": "multi-sarcasm",
        "1029": "multi-sarcasm",
        "1030": "not-sarcasm",
        "1031": "not-sarcasm",
        "1032": "not-sarcasm",
        "1033": "not-sarcasm",
        "1034": "multi-sarcasm",
        "1035": "multi-sarcasm",
        "1036": "not-sarcasm",
        "1037": "not-sarcasm",
        "1038": "not-sarcasm",
        "1039": "not-sarcasm",
        "1040": "multi-sarcasm",
        "1041": "not-sarcasm",
        "1042": "not-sarcasm",
        "1043": "multi-sarcasm",
        "1044": "not-sarcasm",
        "1045": "not-sarcasm",
        "1046": "multi-sarcasm",
        "1047": "not-sarcasm",
        "1048": "multi-sarcasm",
        "1049": "multi-sarcasm",
        "1050": "multi-sarcasm",
        "1051": "multi-sarcasm",
        "1052": "multi-sarcasm",
        "1053": "not-sarcasm",
        "1054": "multi-sarcasm",
        "1055": "multi-sarcasm",
        "1056": "not-sarcasm",
        "1057": "multi-sarcasm",
        "1058": "not-sarcasm",
        "1059": "multi-sarcasm",
        "1060": "multi-sarcasm",
        "1061": "not-sarcasm",
        "1062": "not-sarcasm",
        "1063": "not-sarcasm",
        "1064": "not-sarcasm",
        "1065": "multi-sarcasm",
        "1066": "not-sarcasm",
        "1067": "multi-sarcasm",
        "1068": "not-sarcasm",
        "1069": "not-sarcasm",
        "1070": "not-sarcasm",
        "1071": "multi-sarcasm",
        "1072": "multi-sarcasm",
        "1073": "not-sarcasm",
        "1074": "not-sarcasm",
        "1075": "multi-sarcasm",
        "1076": "not-sarcasm",
        "1077": "multi-sarcasm",
        "1078": "multi-sarcasm",
        "1079": "multi-sarcasm",
        "1080": "not-sarcasm",
        "1081": "not-sarcasm",
        "1082": "not-sarcasm",
        "1083": "multi-sarcasm",
        "1084": "not-sarcasm",
        "1085": "not-sarcasm",
        "1086": "not-sarcasm",
        "1087": "not-sarcasm",
        "1088": "multi-sarcasm",
        "1089": "not-sarcasm",
        "1090": "not-sarcasm",
        "1091": "multi-sarcasm",
        "1092": "multi-sarcasm",
        "1093": "not-sarcasm",
        "1094": "multi-sarcasm",
        "1095": "not-sarcasm",
        "1096": "multi-sarcasm",
        "1097": "multi-sarcasm",
        "1098": "multi-sarcasm",
        "1099": "multi-sarcasm",
        "1100": "multi-sarcasm",
        "1101": "multi-sarcasm",
        "1102": "not-sarcasm",
        "1103": "not-sarcasm",
        "1104": "not-sarcasm",
        "1105": "not-sarcasm",
        "1106": "not-sarcasm",
        "1107": "not-sarcasm",
        "1108": "multi-sarcasm",
        "1109": "not-sarcasm",
        "1110": "not-sarcasm",
        "1111": "multi-sarcasm",
        "1112": "not-sarcasm",
        "1113": "multi-sarcasm",
        "1114": "not-sarcasm",
        "1115": "multi-sarcasm",
        "1116": "multi-sarcasm",
        "1117": "not-sarcasm",
        "1118": "multi-sarcasm",
        "1119": "not-sarcasm",
        "1120": "not-sarcasm",
        "1121": "multi-sarcasm",
        "1122": "multi-sarcasm",
        "1123": "multi-sarcasm",
        "1124": "multi-sarcasm",
        "1125": "multi-sarcasm",
        "1126": "not-sarcasm",
        "1127": "not-sarcasm",
        "1128": "not-sarcasm",
        "1129": "not-sarcasm",
        "1130": "multi-sarcasm",
        "1131": "not-sarcasm",
        "1132": "multi-sarcasm",
        "1133": "not-sarcasm",
        "1134": "not-sarcasm",
        "1135": "multi-sarcasm",
        "1136": "multi-sarcasm",
        "1137": "multi-sarcasm",
        "1138": "multi-sarcasm",
        "1139": "multi-sarcasm",
        "1140": "not-sarcasm",
        "1141": "not-sarcasm",
        "1142": "multi-sarcasm",
        "1143": "multi-sarcasm",
        "1144": "multi-sarcasm",
        "1145": "not-sarcasm",
        "1146": "not-sarcasm",
        "1147": "not-sarcasm",
        "1148": "not-sarcasm",
        "1149": "not-sarcasm",
        "1150": "not-sarcasm",
        "1151": "multi-sarcasm",
        "1152": "not-sarcasm",
        "1153": "multi-sarcasm",
        "1154": "not-sarcasm",
        "1155": "multi-sarcasm",
        "1156": "multi-sarcasm",
        "1157": "multi-sarcasm",
        "1158": "multi-sarcasm",
        "1159": "not-sarcasm",
        "1160": "multi-sarcasm",
        "1161": "multi-sarcasm",
        "1162": "not-sarcasm",
        "1163": "not-sarcasm",
        "1164": "not-sarcasm",
        "1165": "not-sarcasm",
        "1166": "multi-sarcasm",
        "1167": "not-sarcasm",
        "1168": "not-sarcasm",
        "1169": "not-sarcasm",
        "1170": "not-sarcasm",
        "1171": "multi-sarcasm",
        "1172": "not-sarcasm",
        "1173": "not-sarcasm",
        "1174": "not-sarcasm",
        "1175": "not-sarcasm",
        "1176": "multi-sarcasm",
        "1177": "multi-sarcasm",
        "1178": "multi-sarcasm",
        "1179": "not-sarcasm",
        "1180": "not-sarcasm",
        "1181": "multi-sarcasm",
        "1182": "multi-sarcasm",
        "1183": "not-sarcasm",
        "1184": "not-sarcasm",
        "1185": "not-sarcasm",
        "1186": "not-sarcasm",
        "1187": "multi-sarcasm",
        "1188": "multi-sarcasm",
        "1189": "not-sarcasm",
        "1190": "multi-sarcasm",
        "1191": "multi-sarcasm",
        "1192": "multi-sarcasm",
        "1193": "multi-sarcasm",
        "1194": "not-sarcasm",
        "1195": "not-sarcasm",
        "1196": "multi-sarcasm",
        "1197": "multi-sarcasm",
        "1198": "multi-sarcasm",
        "1199": "multi-sarcasm",
        "1200": "not-sarcasm",
        "1201": "multi-sarcasm",
        "1202": "multi-sarcasm",
        "1203": "multi-sarcasm",
        "1204": "multi-sarcasm",
        "1205": "not-sarcasm",
        "1206": "multi-sarcasm",
        "1207": "multi-sarcasm",
        "1208": "multi-sarcasm",
        "1209": "not-sarcasm",
        "1210": "multi-sarcasm",
        "1211": "multi-sarcasm",
        "1212": "multi-sarcasm",
        "1213": "multi-sarcasm",
        "1214": "multi-sarcasm",
        "1215": "multi-sarcasm",
        "1216": "not-sarcasm",
        "1217": "multi-sarcasm",
        "1218": "multi-sarcasm",
        "1219": "multi-sarcasm",
        "1220": "multi-sarcasm",
        "1221": "multi-sarcasm",
        "1222": "multi-sarcasm",
        "1223": "multi-sarcasm",
        "1224": "not-sarcasm",
        "1225": "not-sarcasm",
        "1226": "multi-sarcasm",
        "1227": "not-sarcasm",
        "1228": "multi-sarcasm",
        "1229": "multi-sarcasm",
        "1230": "multi-sarcasm",
        "1231": "multi-sarcasm",
        "1232": "not-sarcasm",
        "1233": "multi-sarcasm",
        "1234": "not-sarcasm",
        "1235": "not-sarcasm",
        "1236": "multi-sarcasm",
        "1237": "multi-sarcasm",
        "1238": "multi-sarcasm",
        "1239": "not-sarcasm",
        "1240": "multi-sarcasm",
        "1241": "multi-sarcasm",
        "1242": "not-sarcasm",
        "1243": "multi-sarcasm",
        "1244": "multi-sarcasm",
        "1245": "multi-sarcasm",
        "1246": "multi-sarcasm",
        "1247": "multi-sarcasm",
        "1248": "multi-sarcasm",
        "1249": "multi-sarcasm",
        "1250": "multi-sarcasm",
        "1251": "not-sarcasm",
        "1252": "multi-sarcasm",
        "1253": "multi-sarcasm",
        "1254": "not-sarcasm",
        "1255": "multi-sarcasm",
        "1256": "not-sarcasm",
        "1257": "not-sarcasm",
        "1258": "not-sarcasm",
        "1259": "multi-sarcasm",
        "1260": "multi-sarcasm",
        "1261": "multi-sarcasm",
        "1262": "not-sarcasm",
        "1263": "multi-sarcasm",
        "1264": "multi-sarcasm",
        "1265": "multi-sarcasm",
        "1266": "multi-sarcasm",
        "1267": "not-sarcasm",
        "1268": "not-sarcasm",
        "1269": "not-sarcasm",
        "1270": "not-sarcasm",
        "1271": "multi-sarcasm",
        "1272": "multi-sarcasm",
        "1273": "multi-sarcasm",
        "1274": "not-sarcasm",
        "1275": "multi-sarcasm",
        "1276": "not-sarcasm",
        "1277": "multi-sarcasm",
        "1278": "multi-sarcasm",
        "1279": "multi-sarcasm",
        "1280": "multi-sarcasm",
        "1281": "multi-sarcasm",
        "1282": "multi-sarcasm",
        "1283": "multi-sarcasm",
        "1284": "not-sarcasm",
        "1285": "not-sarcasm",
        "1286": "multi-sarcasm",
        "1287": "multi-sarcasm",
        "1288": "not-sarcasm",
        "1289": "not-sarcasm",
        "1290": "multi-sarcasm",
        "1291": "not-sarcasm",
        "1292": "multi-sarcasm",
        "1293": "multi-sarcasm",
        "1294": "multi-sarcasm",
        "1295": "multi-sarcasm",
        "1296": "multi-sarcasm",
        "1297": "multi-sarcasm",
        "1298": "not-sarcasm",
        "1299": "not-sarcasm",
        "1300": "multi-sarcasm",
        "1301": "multi-sarcasm",
        "1302": "multi-sarcasm",
        "1303": "not-sarcasm",
        "1304": "not-sarcasm",
        "1305": "not-sarcasm",
        "1306": "multi-sarcasm",
        "1307": "multi-sarcasm",
        "1308": "not-sarcasm",
        "1309": "multi-sarcasm",
        "1310": "multi-sarcasm",
        "1311": "not-sarcasm",
        "1312": "multi-sarcasm",
        "1313": "not-sarcasm",
        "1314": "multi-sarcasm",
        "1315": "not-sarcasm",
        "1316": "multi-sarcasm",
        "1317": "multi-sarcasm",
        "1318": "multi-sarcasm",
        "1319": "multi-sarcasm",
        "1320": "multi-sarcasm",
        "1321": "multi-sarcasm",
        "1322": "not-sarcasm",
        "1323": "not-sarcasm",
        "1324": "multi-sarcasm",
        "1325": "multi-sarcasm",
        "1326": "not-sarcasm",
        "1327": "multi-sarcasm",
        "1328": "multi-sarcasm",
        "1329": "multi-sarcasm",
        "1330": "multi-sarcasm",
        "1331": "multi-sarcasm",
        "1332": "not-sarcasm",
        "1333": "multi-sarcasm",
        "1334": "multi-sarcasm",
        "1335": "not-sarcasm",
        "1336": "multi-sarcasm",
        "1337": "multi-sarcasm",
        "1338": "multi-sarcasm",
        "1339": "multi-sarcasm",
        "1340": "multi-sarcasm",
        "1341": "multi-sarcasm",
        "1342": "multi-sarcasm",
        "1343": "multi-sarcasm",
        "1344": "not-sarcasm",
        "1345": "multi-sarcasm",
        "1346": "multi-sarcasm",
        "1347": "multi-sarcasm",
        "1348": "multi-sarcasm",
        "1349": "multi-sarcasm",
        "1350": "multi-sarcasm",
        "1351": "multi-sarcasm",
        "1352": "multi-sarcasm",
        "1353": "not-sarcasm",
        "1354": "not-sarcasm",
        "1355": "not-sarcasm",
        "1356": "not-sarcasm",
        "1357": "multi-sarcasm",
        "1358": "multi-sarcasm",
        "1359": "not-sarcasm",
        "1360": "not-sarcasm",
        "1361": "not-sarcasm",
        "1362": "multi-sarcasm",
        "1363": "multi-sarcasm",
        "1364": "multi-sarcasm",
        "1365": "multi-sarcasm",
        "1366": "not-sarcasm",
        "1367": "multi-sarcasm",
        "1368": "multi-sarcasm",
        "1369": "not-sarcasm",
        "1370": "multi-sarcasm",
        "1371": "not-sarcasm",
        "1372": "multi-sarcasm",
        "1373": "multi-sarcasm",
        "1374": "not-sarcasm",
        "1375": "multi-sarcasm",
        "1376": "multi-sarcasm",
        "1377": "multi-sarcasm",
        "1378": "multi-sarcasm",
        "1379": "not-sarcasm",
        "1380": "not-sarcasm",
        "1381": "not-sarcasm",
        "1382": "multi-sarcasm",
        "1383": "not-sarcasm",
        "1384": "multi-sarcasm",
        "1385": "multi-sarcasm",
        "1386": "not-sarcasm",
        "1387": "not-sarcasm",
        "1388": "not-sarcasm",
        "1389": "multi-sarcasm",
        "1390": "multi-sarcasm",
        "1391": "multi-sarcasm",
        "1392": "not-sarcasm",
        "1393": "multi-sarcasm",
        "1394": "not-sarcasm",
        "1395": "multi-sarcasm",
        "1396": "multi-sarcasm",
        "1397": "multi-sarcasm",
        "1398": "not-sarcasm",
        "1399": "multi-sarcasm",
        "1400": "multi-sarcasm",
        "1401": "multi-sarcasm",
        "1402": "not-sarcasm",
        "1403": "multi-sarcasm",
        "1404": "multi-sarcasm",
        "1405": "not-sarcasm",
        "1406": "multi-sarcasm",
        "1407": "multi-sarcasm",
        "1408": "not-sarcasm",
        "1409": "not-sarcasm",
        "1410": "not-sarcasm",
        "1411": "not-sarcasm",
        "1412": "not-sarcasm"
    },
    "phase": "dev"
}